<application>
  <component name="AndroidLogcatFilterHistory">
    <option name="mostRecentlyUsed" value="package:mine level:error message~:FATAL EXCEPTION:" />
    <option name="nonFavorites">
      <list>
        <option value="package:mine " />
        <option value="level:debug tag=:fansangg" />
        <option value="package:mine level:debug tag=:fansangg" />
        <option value="package:mine tag=:fansangg " />
        <option value="tag=:fansangg" />
        <option value="level:error " />
        <option value="level:error" />
        <option value="package:mine level:debug tag=:fansangg " />
        <option value="package:mine level:error message~:FATAL EXCEPTION:" />
        <option value="package:mine level:error " />
        <option value="tag=:fansangg " />
        <option value="package:mine tag=:111333 " />
        <option value="package:mine tag=:SilentInstallUtils" />
        <option value="package:mine tag=:111333" />
        <option value="package:mine tag:fansangg" />
        <option value="package:mine level:debug " />
        <option value="tag~:fan" />
        <option value="package:mine tag:fansangg  " />
        <option value="level:DEBUG tag:TeleprompterContainer" />
        <option value="package:mine" />
      </list>
    </option>
  </component>
</application>