<application>
  <component name="ConsoleFoldingSettings">
    <option name="addedPositive">
      <list>
        <option value="2020-08-13 13:30:50.841 2052-7983/? I/NetworkScheduler.Stats: Task com.google.android.gms/com.google.android.gms.icing.service.IcingGcmTaskService started execution. cause:4 exec_start_elapsed_seconds: 874907 [CONTEXT service_id=218 ]" />
        <option value="2020-08-13 14:51:20.000 2400-2722/? E/BoosterNty: handleMessage invalid slotid:0" />
        <option value="2020-08-31 18:36:23.601 3041-3041/? E/Indicator: not support setTranslationX" />
        <option value="2020-11-06 10:01:56.194 31041-31398/com.jk.jkproject E/RequestPacket:" />
        <option value="Accessing hidden" />
        <option value="I/chatty" />
        <option value="I/MultiDex" />
        <option value="Indicator" />
        <option value="mp4ParseStatus" />
        <option value="NetworkScheduler" />
        <option value="TbsSDKExtensionCommonConfig" />
        <option value="Timer-1, com.jk.jkproject.net.im.RequestPacket.&lt;init&gt;(RequestPacket.java:49)" />
        <option value="2020-11-06 10:01:56.194 31041-31398/com.jk.jkproject E/RequestPacket:" />
      </list>
    </option>
    <option name="addedNegative">
      <list>
        <option value="2020-11-06 10:01:56.194 31041-31398/com.jk.jkproject E/RequestPacket:       ┌────────────────────────────────────────────────────────────────────────────────────────────────────────────────     │ Timer-1, com.jk.jkproject.net.im.RequestPacket.&lt;init&gt;(RequestPacket.java:49)     ├┄┄┄┄┄┄┄┄┄┄┄┄┄┄┄┄┄┄┄┄┄┄┄┄┄┄┄┄┄┄┄┄┄┄┄┄┄┄┄┄┄┄┄┄┄┄┄┄┄┄┄┄┄┄┄┄┄┄┄┄┄┄┄┄┄┄┄┄┄┄┄┄┄┄┄┄┄┄┄┄┄┄┄┄┄┄┄┄┄┄┄┄┄┄┄┄┄┄┄┄┄┄┄┄┄┄┄┄┄┄┄┄     │ args[0] = paramString=     │ args[1] =      └────────────────────────────────────────────────────────────────────────────────────────────────────────────────" />
      </list>
    </option>
  </component>
</application>