<application>
  <component name="GitToolBoxAppSettings2">
    <option name="autoFetchIntervalMinutes" value="90" />
    <option name="repositoriesConfig">
      <RepositoriesConfig>
        <configForRepoType>
          <entry type="BITBUCKET_SERVER">
            <RepoTypeConfig>
              <option name="fetchUriGlobs">
                <list>
                  <option value="" />
                </list>
              </option>
            </RepoTypeConfig>
          </entry>
          <entry type="BITBUCKET_CLOUD">
            <RepoTypeConfig>
              <option name="fetchUriGlobs">
                <list>
                  <option value="" />
                </list>
              </option>
            </RepoTypeConfig>
          </entry>
          <entry type="GITHUB">
            <RepoTypeConfig>
              <option name="fetchUriGlobs">
                <list>
                  <option value="" />
                </list>
              </option>
            </RepoTypeConfig>
          </entry>
          <entry type="GITLAB">
            <RepoTypeConfig>
              <option name="fetchUriGlobs">
                <list>
                  <option value="" />
                </list>
              </option>
            </RepoTypeConfig>
          </entry>
        </configForRepoType>
      </RepositoriesConfig>
    </option>
    <option name="startupNotificationVersion" value="1" />
    <option name="version" value="6" />
  </component>
</application>