<application>
  <component name="AppStorage">
    <histories>
      <item value="radius" />
      <item value="community comment author rounded background" />
      <item value="rounded" />
      <item value="community comment author round background" />
      <item value="specified" />
      <item value="Invariant Violation: Element type is invalid: expected a string (for built-in components) or a class/function (for composite components) but got: undefined. You likely forgot to export your component from the file it's defined in, or you might have mixed up default and named imports." />
      <item value="takes an object of state variables to update or a function which returns an object of state variables." />
      <item value="mileage" />
      <item value="fixed (if force == false) and can only be approximated." />
      <item value="if enabled, the set label count will be forced, meaning that the exact * specified count of labels will * be drawn and evenly distributed alongside the axis - this might cause labels * to have uneven values" />
      <item value="Elevation" />
      <item value="Operation" />
      <item value="Successed" />
      <item value="amplitude" />
      <item value="set Image Resource" />
      <item value="holder" />
      <item value="height" />
      <item value="android" />
      <item value="Avatar" />
      <item value="安卓" />
      <item value="layout" />
      <item value="corner" />
      <item value="Image View" />
      <item value="View" />
    </histories>
    <option name="languageScores">
      <map>
        <entry key="CHINESE" value="28" />
        <entry key="ENGLISH" value="29" />
        <entry key="VIETNAMESE" value="3" />
      </map>
    </option>
  </component>
  <component name="Settings">
    <option name="foldOriginal" value="true" />
    <option name="googleTranslateSettings">
      <google-translate>
        <option name="useTranslateGoogleCom" value="true" />
      </google-translate>
    </option>
    <option name="ignoreRegExp" value="" />
    <option name="overrideFont" value="true" />
    <option name="phoneticFontFamily" value="Consolas" />
    <option name="primaryFontFamily" value="Monaco" />
    <option name="translateDocumentation" value="false" />
    <option name="translator" value="ai.youdao" />
    <option name="youdaoTranslateSettings">
      <youdao-translate>
        <option name="appId" value="5d1282e01df2dc4f" />
      </youdao-translate>
    </option>
  </component>
</application>